"dataset","clock","config","system","events_evaluated","human_interruptions","interruption_reduction_vs_alert_all","duplicate_interruptions","duplicate_interruption_rate","attention_compression_ratio","state_escalations","repeated_small_move_opportunities","repeated_small_move_escalations_recovered","regulatory_5pct_crossing_opportunities","regulatory_5pct_crossings_captured","explainability_coverage","decision_explanation_coverage","investment_significance_recall","human_attention_value","market_outcomes"
"sectors_persisted","first_persisted","default","B0","117","117","0","13","0.111111","1","0","1","1","11","11","1","1","INSUFFICIENT EVIDENCE","INSUFFICIENT EVIDENCE","INSUFFICIENT EVIDENCE"
"sectors_persisted","first_persisted","default","B1","117","56","0.521368","1","0.017857","2.089286","70","1","0","11","11","1","1","INSUFFICIENT EVIDENCE","INSUFFICIENT EVIDENCE","INSUFFICIENT EVIDENCE"
"sectors_persisted","first_persisted","default","B2","117","64","0.452991","3","0.046875","1.828125","81","1","1","11","11","1","1","INSUFFICIENT EVIDENCE","INSUFFICIENT EVIDENCE","INSUFFICIENT EVIDENCE"
"sectors_persisted","first_persisted","default","B3","117","78","0.333333","4","0.051282","1.5","78","1","1","11","11","1","1","INSUFFICIENT EVIDENCE","INSUFFICIENT EVIDENCE","INSUFFICIENT EVIDENCE"
"sectors_persisted","first_persisted","default","B3C","117","59","0.495726","1","0.016949","1.983051","78","1","1","11","11","1","1","INSUFFICIENT EVIDENCE","INSUFFICIENT EVIDENCE","INSUFFICIENT EVIDENCE"
"sectors_persisted","source_time_assumption","default","B0","117","117","0","13","0.111111","1","0","1","1","11","11","1","1","INSUFFICIENT EVIDENCE","INSUFFICIENT EVIDENCE","INSUFFICIENT EVIDENCE"
"sectors_persisted","source_time_assumption","default","B1","117","56","0.521368","1","0.017857","2.089286","70","1","0","11","11","1","1","INSUFFICIENT EVIDENCE","INSUFFICIENT EVIDENCE","INSUFFICIENT EVIDENCE"
"sectors_persisted","source_time_assumption","default","B2","117","66","0.435897","5","0.075758","1.772727","81","1","1","11","11","1","1","INSUFFICIENT EVIDENCE","INSUFFICIENT EVIDENCE","INSUFFICIENT EVIDENCE"
"sectors_persisted","source_time_assumption","default","B3","117","78","0.333333","4","0.051282","1.5","78","1","1","11","11","1","1","INSUFFICIENT EVIDENCE","INSUFFICIENT EVIDENCE","INSUFFICIENT EVIDENCE"
"sectors_persisted","source_time_assumption","default","B3C","117","59","0.495726","1","0.016949","1.983051","78","1","1","11","11","1","1","INSUFFICIENT EVIDENCE","INSUFFICIENT EVIDENCE","INSUFFICIENT EVIDENCE"
"publication_proxy","source_time_assumption","default","B0","27","27","0","0","0","1","0","0","INSUFFICIENT EVIDENCE","1","1","1","1","INSUFFICIENT EVIDENCE","INSUFFICIENT EVIDENCE","INSUFFICIENT EVIDENCE"
"publication_proxy","source_time_assumption","default","B1","27","14","0.481481","0","0","1.928571","20","0","INSUFFICIENT EVIDENCE","1","0","1","1","INSUFFICIENT EVIDENCE","INSUFFICIENT EVIDENCE","INSUFFICIENT EVIDENCE"
"publication_proxy","source_time_assumption","default","B2","27","14","0.481481","0","0","1.928571","20","0","INSUFFICIENT EVIDENCE","1","0","1","1","INSUFFICIENT EVIDENCE","INSUFFICIENT EVIDENCE","INSUFFICIENT EVIDENCE"
"publication_proxy","source_time_assumption","default","B3","27","20","0.259259","0","0","1.35","20","0","INSUFFICIENT EVIDENCE","1","1","1","1","INSUFFICIENT EVIDENCE","INSUFFICIENT EVIDENCE","INSUFFICIENT EVIDENCE"
"publication_proxy","source_time_assumption","default","B3C","27","14","0.481481","0","0","1.928571","20","0","INSUFFICIENT EVIDENCE","1","0","1","1","INSUFFICIENT EVIDENCE","INSUFFICIENT EVIDENCE","INSUFFICIENT EVIDENCE"
"documentation_example","source_time_assumption","default","B0","1","1","0","0","0","1","0","0","INSUFFICIENT EVIDENCE","0","INSUFFICIENT EVIDENCE","1","1","INSUFFICIENT EVIDENCE","INSUFFICIENT EVIDENCE","INSUFFICIENT EVIDENCE"
"documentation_example","source_time_assumption","default","B1","1","1","0","0","0","1","1","0","INSUFFICIENT EVIDENCE","0","INSUFFICIENT EVIDENCE","1","1","INSUFFICIENT EVIDENCE","INSUFFICIENT EVIDENCE","INSUFFICIENT EVIDENCE"
"documentation_example","source_time_assumption","default","B2","1","1","0","0","0","1","1","0","INSUFFICIENT EVIDENCE","0","INSUFFICIENT EVIDENCE","1","1","INSUFFICIENT EVIDENCE","INSUFFICIENT EVIDENCE","INSUFFICIENT EVIDENCE"
"documentation_example","source_time_assumption","default","B3","1","1","0","0","0","1","1","0","INSUFFICIENT EVIDENCE","0","INSUFFICIENT EVIDENCE","1","1","INSUFFICIENT EVIDENCE","INSUFFICIENT EVIDENCE","INSUFFICIENT EVIDENCE"
"documentation_example","source_time_assumption","default","B3C","1","1","0","0","0","1","1","0","INSUFFICIENT EVIDENCE","0","INSUFFICIENT EVIDENCE","1","1","INSUFFICIENT EVIDENCE","INSUFFICIENT EVIDENCE","INSUFFICIENT EVIDENCE"
